#x,T,xh2o,xco2,S_LBL,S_SLW,S_SLW1,q_LBL,q_SLW,q_SLW1
#[m],[K],[],[],[kW/m3],[kW/m2]
    0.000000000000000E+000,    0.400000000000000E+003,    0.500000000000000E-001,    0.333333333333333E-001,    0.665202153162674E-312,   -0.437068411345672E-001,    0.170066556173887E+001,    0.000000000000000E+000,   -0.300087165220823E+002,   -0.285642901937712E+002
    0.500000000000000E-002,    0.400004112325772E+003,    0.500020561628860E-001,    0.333347041085907E-001,    0.665202153162674E-312,    0.571825554163925E+000,    0.170095861268330E+001,    0.000000000000000E+000,   -0.300026905829524E+002,   -0.285640141993979E+002
    0.150000000000000E-001,    0.400037010255502E+003,    0.500185051277509E-001,    0.333456700851673E-001,    0.479660548662940E-312,    0.771852917497401E+000,    0.170829079264825E+001,    0.000000000000000E+000,   -0.300102989441514E+002,   -0.285810256422067E+002
    0.250000000000000E-001,    0.400102802507333E+003,    0.500514012536664E-001,    0.333676008357776E-001,    0.479660548662940E-312,    0.868680221266998E+000,    0.171788125050442E+001,    0.000000000000000E+000,   -0.300188758805249E+002,   -0.285981084158765E+002
    0.350000000000000E-001,    0.400201481866403E+003,    0.501007409332016E-001,    0.334004939554677E-001,    0.106099792117405E-315,    0.929166893185695E+000,    0.172577816934087E+001,    0.000000000000000E+000,   -0.300280516190777E+002,   -0.286152857676673E+002
    0.450000000000000E-001,    0.400333037511409E+003,    0.501665187557045E-001,    0.334443458371363E-001,    0.000000000000000E+000,    0.973092225203504E+000,    0.173463672252003E+001,    0.000000000000000E+000,   -0.300376616627615E+002,   -0.286325403647750E+002
    0.550000000000000E-001,    0.400497455015792E+003,    0.502487275078958E-001,    0.334991516719305E-001,    0.479660548662940E-312,    0.100825792002265E+001,    0.174448194048120E+001,    0.000000000000000E+000,   -0.300476178400518E+002,   -0.286498818397937E+002
    0.650000000000000E-001,    0.400694716349318E+003,    0.503473581746592E-001,    0.335649054497728E-001,    0.479660548662940E-312,    0.103613095642463E+001,    0.175398379409463E+001,    0.000000000000000E+000,   -0.300578650455571E+002,   -0.286673202879982E+002
    0.750000000000000E-001,    0.400924799880062E+003,    0.504623999400308E-001,    0.336415999600206E-001,    0.479660548662940E-312,    0.106105132077125E+001,    0.176450325176239E+001,    0.000000000000000E+000,   -0.300683485757387E+002,   -0.286848520610861E+002
    0.850000000000000E-001,    0.401187680376769E+003,    0.505938401883846E-001,    0.337292267922564E-001,    0.000000000000000E+000,    0.108447694738192E+001,    0.177469496957687E+001,    0.000000000000000E+000,   -0.300790515521025E+002,   -0.287024875628317E+002
    0.950000000000000E-001,    0.401483329011632E+003,    0.507416645058161E-001,    0.338277763372107E-001,    0.212199564472184E-316,    0.110437235256573E+001,    0.178593554655764E+001,    0.000000000000000E+000,   -0.300899630611716E+002,   -0.287202232785683E+002
    0.105000000000000E+000,    0.401811713363446E+003,    0.509058566817231E-001,    0.339372377878154E-001,    0.000000000000000E+000,    0.112306713143516E+001,    0.179825312808528E+001,    0.000000000000000E+000,   -0.301010543798234E+002,   -0.287380696754474E+002
    0.115000000000000E+000,    0.402172797421166E+003,    0.510863987105832E-001,    0.340575991403888E-001,    0.000000000000000E+000,    0.114091361687935E+001,    0.181027776779346E+001,    0.000000000000000E+000,   -0.301123183378674E+002,   -0.287560377591205E+002
    0.125000000000000E+000,    0.402566541587857E+003,    0.512832707939285E-001,    0.341888471959523E-001,    0.479660548662940E-312,    0.115780356840424E+001,    0.182200448520176E+001,    0.000000000000000E+000,   -0.301237460361960E+002,   -0.287741245969682E+002
    0.135000000000000E+000,    0.402992902685033E+003,    0.514964513425164E-001,    0.343309675616776E-001,    0.000000000000000E+000,    0.117442266321836E+001,    0.183484615195063E+001,    0.000000000000000E+000,   -0.301353324051448E+002,   -0.287923269146082E+002
    0.145000000000000E+000,    0.403451833957395E+003,    0.517259169786975E-001,    0.344839446524650E-001,    0.000000000000000E+000,    0.118977038115526E+001,    0.184740476909611E+001,    0.000000000000000E+000,   -0.301470750595800E+002,   -0.288106561209087E+002
    0.155000000000000E+000,    0.403943285077958E+003,    0.519716425389789E-001,    0.346477616926526E-001,    0.000000000000000E+000,    0.120484309281668E+001,    0.186111287164068E+001,    0.000000000000000E+000,   -0.301589626153223E+002,   -0.288291090543687E+002
    0.165000000000000E+000,    0.404467202153568E+003,    0.522336010767839E-001,    0.348224007178560E-001,    0.479660548662940E-312,    0.122102180790878E+001,    0.187600288570919E+001,    0.000000000000000E+000,   -0.301709924916793E+002,   -0.288476971507916E+002
    0.175000000000000E+000,    0.405023527730814E+003,    0.525117638654068E-001,    0.350078425769379E-001,    0.212199564472184E-316,    0.123398094435431E+001,    0.189064740646948E+001,    0.000000000000000E+000,   -0.301831774201887E+002,   -0.288664325205898E+002
    0.185000000000000E+000,    0.405612200802326E+003,    0.528061004011632E-001,    0.352040669341088E-001,    0.000000000000000E+000,    0.124950040024931E+001,    0.190503966548277E+001,    0.000000000000000E+000,   -0.301954868460091E+002,   -0.288853126909331E+002
    0.195000000000000E+000,    0.406233156813470E+003,    0.531165784067351E-001,    0.354110522711568E-001,    0.479660548455433E-312,    0.126374156621163E+001,    0.192065714236135E+001,    0.000000000000000E+000,   -0.302079446429252E+002,   -0.289043347203900E+002
    0.205000000000000E+000,    0.406886327669421E+003,    0.534431638347105E-001,    0.356287758898070E-001,    0.000000000000000E+000,    0.128038496875318E+001,    0.193603872877685E+001,    0.000000000000000E+000,   -0.302205383165794E+002,   -0.289235112001609E+002
    0.215000000000000E+000,    0.407571641742633E+003,    0.537858208713168E-001,    0.358572139142112E-001,    0.000000000000000E+000,    0.129530807833349E+001,    0.195268620986086E+001,    0.000000000000000E+000,   -0.302332944335470E+002,   -0.289428393000120E+002
    0.225000000000000E+000,    0.408289023880697E+003,    0.541445119403485E-001,    0.360963412935657E-001,    0.000000000000000E+000,    0.131084641957344E+001,    0.196911510288769E+001,    0.000000000000000E+000,   -0.302461940150077E+002,   -0.289623320552165E+002
    0.235000000000000E+000,    0.409038395414576E+003,    0.545191977072880E-001,    0.363461318048587E-001,    0.000000000000000E+000,    0.132699815205136E+001,    0.198608524297230E+001,    0.000000000000000E+000,   -0.302592452875541E+002,   -0.289819870006818E+002
    0.245000000000000E+000,    0.409819674167237E+003,    0.549098370836185E-001,    0.366065580557457E-001,    0.000000000000000E+000,    0.134040513118574E+001,    0.200438701641524E+001,    0.000000000000000E+000,   -0.302724531196153E+002,   -0.290018092128039E+002
    0.255000000000000E+000,    0.410632774462661E+003,    0.553163872313303E-001,    0.368775914875535E-001,    0.000000000000000E+000,    0.135637547452486E+001,    0.202171659564318E+001,    0.000000000000000E+000,   -0.302857900211944E+002,   -0.290218127322103E+002
    0.265000000000000E+000,    0.411477607135237E+003,    0.557388035676183E-001,    0.371592023784122E-001,    0.000000000000000E+000,    0.137121767476774E+001,    0.204040654040358E+001,    0.000000000000000E+000,   -0.302992809928099E+002,   -0.290419869543542E+002
    0.275000000000000E+000,    0.412354079539542E+003,    0.561770397697711E-001,    0.374513598465140E-001,    0.000000000000000E+000,    0.138677916975841E+001,    0.205890749620075E+001,    0.000000000000000E+000,   -0.303129179655535E+002,   -0.290623459802202E+002
    0.285000000000000E+000,    0.413262095560501E+003,    0.566310477802505E-001,    0.377540318535003E-001,    0.000000000000000E+000,    0.140206312104198E+001,    0.207881758013932E+001,    0.000000000000000E+000,   -0.303267049041121E+002,   -0.290828872140602E+002
    0.295000000000000E+000,    0.414201555623924E+003,    0.571007778119621E-001,    0.380671852079747E-001,    0.000000000000000E+000,    0.141864574567641E+001,    0.209855966287529E+001,    0.000000000000000E+000,   -0.303406407520300E+002,   -0.291036253028850E+002
    0.305000000000000E+000,    0.415172356707429E+003,    0.575861783537144E-001,    0.383907855691430E-001,    0.000000000000000E+000,    0.143345629739662E+001,    0.211812472016902E+001,    0.000000000000000E+000,   -0.303547389689184E+002,   -0.291245585208749E+002
    0.315000000000000E+000,    0.416174392351736E+003,    0.580871961758682E-001,    0.387247974505788E-001,    0.000000000000000E+000,    0.144965959978738E+001,    0.213915711667291E+001,    0.000000000000000E+000,   -0.303689821586322E+002,   -0.291456842642441E+002
    0.325000000000000E+000,    0.417207552672346E+003,    0.586037763361733E-001,    0.390691842241155E-001,    0.000000000000000E+000,    0.146911398989417E+001,    0.216003489719254E+001,    0.000000000000000E+000,   -0.303833826778433E+002,   -0.291670178651894E+002
    0.335000000000000E+000,    0.418271724371587E+003,    0.591358621857936E-001,    0.394239081238624E-001,    0.000000000000000E+000,    0.148503415012338E+001,    0.218243573952438E+001,    0.000000000000000E+000,   -0.303979705374175E+002,   -0.291885568461317E+002
    0.345000000000000E+000,    0.419366790751040E+003,    0.596833953755199E-001,    0.397889302503466E-001,    0.000000000000000E+000,    0.150083946828507E+001,    0.220300217423159E+001,    0.000000000000000E+000,   -0.304127139537517E+002,   -0.292103180997392E+002
    0.355000000000000E+000,    0.420492631724335E+003,    0.602463158621677E-001,    0.401642105747784E-001,    0.000000000000000E+000,    0.151785573641702E+001,    0.222682691734925E+001,    0.000000000000000E+000,   -0.304276112048748E+002,   -0.292322804313113E+002
    0.365000000000000E+000,    0.421649123830324E+003,    0.608245619151620E-001,    0.405497079434414E-001,    0.000000000000000E+000,    0.153540649870299E+001,    0.224880849333896E+001,    0.000000000000000E+000,   -0.304426739739211E+002,   -0.292544791613888E+002
    0.375000000000000E+000,    0.422836140246614E+003,    0.614180701233070E-001,    0.409453800822047E-001,    0.000000000000000E+000,    0.155319962880950E+001,    0.227238732815143E+001,    0.000000000000000E+000,   -0.304579084118473E+002,   -0.292768937719084E+002
    0.385000000000000E+000,    0.424053550803479E+003,    0.620267754017394E-001,    0.413511836011596E-001,    0.000000000000000E+000,    0.157053921317319E+001,    0.229584293305856E+001,    0.000000000000000E+000,   -0.304733154160713E+002,   -0.292995411534332E+002
    0.395000000000000E+000,    0.425301221998132E+003,    0.626506109990659E-001,    0.417670739993772E-001,    0.000000000000000E+000,    0.158907340199589E+001,    0.232095964440218E+001,    0.000000000000000E+000,   -0.304888912187630E+002,   -0.293224187950865E+002
    0.405000000000000E+000,    0.426579017009366E+003,    0.632895085046832E-001,    0.421930056697888E-001,    0.000000000000000E+000,    0.160720929712262E+001,    0.234507516378851E+001,    0.000000000000000E+000,   -0.305046483036115E+002,   -0.293455449634936E+002
    0.415000000000000E+000,    0.427886795712561E+003,    0.639433978562803E-001,    0.426289319041869E-001,    0.000000000000000E+000,    0.162645340412171E+001,    0.237089435421566E+001,    0.000000000000000E+000,   -0.305205842048428E+002,   -0.293689076523226E+002
    0.425000000000000E+000,    0.429224414695042E+003,    0.646122073475209E-001,    0.430748048983473E-001,    0.000000000000000E+000,    0.164575927567011E+001,    0.239569806099360E+001,    0.000000000000000E+000,   -0.305367062900154E+002,   -0.293925257374023E+002
    0.435000000000000E+000,    0.430591727271815E+003,    0.652958636359077E-001,    0.435305757572718E-001,    0.000000000000000E+000,    0.166365441672595E+001,    0.242224948343546E+001,    0.000000000000000E+000,   -0.305530185218928E+002,   -0.294163868571923E+002
    0.445000000000000E+000,    0.431988583501649E+003,    0.659942917508244E-001,    0.439961945005496E-001,    0.000000000000000E+000,    0.168312802832642E+001,    0.245061322862393E+001,    0.000000000000000E+000,   -0.305695030511444E+002,   -0.294405081911787E+002
    0.455000000000000E+000,    0.433414830203515E+003,    0.667074151017577E-001,    0.444716100678385E-001,    0.000000000000000E+000,    0.170308177789278E+001,    0.247702343305667E+001,    0.000000000000000E+000,   -0.305861773790673E+002,   -0.294649108226278E+002
    0.465000000000000E+000,    0.434870310973392E+003,    0.674351554866960E-001,    0.449567703244640E-001,    0.000000000000000E+000,    0.172226434770212E+001,    0.250526756385812E+001,    0.000000000000000E+000,   -0.306030454826493E+002,   -0.294895719026000E+002
    0.475000000000000E+000,    0.436354866201410E+003,    0.681774331007052E-001,    0.454516220671368E-001,    0.000000000000000E+000,    0.174215943211448E+001,    0.253345453591854E+001,    0.000000000000000E+000,   -0.306201018489203E+002,   -0.295145112403020E+002
    0.485000000000000E+000,    0.437868333089360E+003,    0.689341665446802E-001,    0.459561110297868E-001,    0.000000000000000E+000,    0.176418622804550E+001,    0.256157387154637E+001,    0.000000000000000E+000,   -0.306373523299199E+002,   -0.295397281573612E+002
    0.495000000000000E+000,    0.439410545668543E+003,    0.697052728342713E-001,    0.464701818895142E-001,    0.000000000000000E+000,    0.178590913251202E+001,    0.258961478713917E+001,    0.000000000000000E+000,   -0.306548195207989E+002,   -0.295652218686320E+002
    0.505000000000000E+000,    0.440981334817969E+003,    0.704906674089843E-001,    0.469937782726562E-001,    0.000000000000000E+000,    0.180624729836281E+001,    0.261756618195962E+001,    0.000000000000000E+000,   -0.306724953007077E+002,   -0.295909914791142E+002
    0.515000000000000E+000,    0.442580528282907E+003,    0.712902641414533E-001,    0.475268427609689E-001,    0.000000000000000E+000,    0.182675752510242E+001,    0.264746467942693E+001,    0.000000000000000E+000,   -0.306903707950581E+002,   -0.296170337926772E+002
    0.525000000000000E+000,    0.444207950693772E+003,    0.721039753468862E-001,    0.480693168979241E-001,    0.000000000000000E+000,    0.184944530087988E+001,    0.267783136569757E+001,    0.000000000000000E+000,   -0.307084453444465E+002,   -0.296433695946239E+002
    0.535000000000000E+000,    0.445863423585359E+003,    0.729317117926794E-001,    0.486211411951196E-001,    0.000000000000000E+000,    0.187028946412610E+001,    0.270762978502780E+001,    0.000000000000000E+000,   -0.307267429360011E+002,   -0.296700045669886E+002
    0.545000000000000E+000,    0.447546765416408E+003,    0.737733827082041E-001,    0.491822551388027E-001,    0.000000000000000E+000,    0.189103458564695E+001,    0.273841628854449E+001,    0.000000000000000E+000,   -0.307452427316899E+002,   -0.296969310862915E+002
    0.555000000000000E+000,    0.449257791589519E+003,    0.746288957947595E-001,    0.497525971965063E-001,    0.000000000000000E+000,    0.191510707600649E+001,    0.276915336475899E+001,    0.000000000000000E+000,   -0.307639422440902E+002,   -0.297241600578774E+002
    0.565000000000000E+000,    0.450996314471390E+003,    0.754981572356949E-001,    0.503321048237966E-001,    0.000000000000000E+000,    0.193537864291445E+001,    0.279983011718143E+001,    0.000000000000000E+000,   -0.307828765924944E+002,   -0.297516908493809E+002
    0.575000000000000E+000,    0.452762143413395E+003,    0.763810717066977E-001,    0.509207144711318E-001,    0.000000000000000E+000,    0.195892687754164E+001,    0.283043537324564E+001,    0.000000000000000E+000,   -0.308020086546298E+002,   -0.297795227170350E+002
    0.585000000000000E+000,    0.454555084772493E+003,    0.772775423862465E-001,    0.515183615908310E-001,    0.000000000000000E+000,    0.198160002559935E+001,    0.286206539542116E+001,    0.000000000000000E+000,   -0.308213693794077E+002,   -0.298076532938858E+002
    0.595000000000000E+000,    0.456374941932458E+003,    0.781874709662291E-001,    0.521249806441527E-001,    0.000000000000000E+000,    0.200542576571130E+001,    0.289251620718999E+001,    0.000000000000000E+000,   -0.308409506678051E+002,   -0.298360956497442E+002
    0.605000000000000E+000,    0.458221515325445E+003,    0.791107576627227E-001,    0.527405051084818E-001,    0.000000000000000E+000,    0.202771608303218E+001,    0.292399272113784E+001,    0.000000000000000E+000,   -0.308607634172893E+002,   -0.298648347364143E+002
    0.615000000000000E+000,    0.460094602453873E+003,    0.800473012269364E-001,    0.533648674846243E-001,    0.000000000000000E+000,    0.204912693615992E+001,    0.295538692075168E+001,    0.000000000000000E+000,   -0.308807914797765E+002,   -0.298938821818423E+002
    0.625000000000000E+000,    0.461993997912629E+003,    0.809969989563147E-001,    0.539979993042098E-001,    0.000000000000000E+000,    0.207239495747845E+001,    0.298784389003340E+001,    0.000000000000000E+000,   -0.309010287316887E+002,   -0.299232352066708E+002
    0.635000000000000E+000,    0.463919493411599E+003,    0.819597467057994E-001,    0.546398311371996E-001,    0.000000000000000E+000,    0.209647873586077E+001,    0.301906335393278E+001,    0.000000000000000E+000,   -0.309214926474046E+002,   -0.299529078158264E+002
    0.645000000000000E+000,    0.465870877798501E+003,    0.829354388992506E-001,    0.552902925995004E-001,    0.000000000000000E+000,    0.212038453138300E+001,    0.305252896290636E+001,    0.000000000000000E+000,   -0.309421890331071E+002,   -0.299828818116223E+002
    0.655000000000000E+000,    0.467847937082048E+003,    0.839239685410241E-001,    0.559493123606827E-001,    0.000000000000000E+000,    0.214331071983426E+001,    0.308474775873335E+001,    0.000000000000000E+000,   -0.309631182584955E+002,   -0.300131851590330E+002
    0.665000000000000E+000,    0.469850454455410E+003,    0.849252272277051E-001,    0.566168181518034E-001,    0.000000000000000E+000,    0.216718157071508E+001,    0.311807214104893E+001,    0.000000000000000E+000,   -0.309842680150023E+002,   -0.300438011838134E+002
    0.675000000000000E+000,    0.471878210319991E+003,    0.859391051599954E-001,    0.572927367733303E-001,    0.000000000000000E+000,    0.219123323737449E+001,    0.315132320517620E+001,    0.000000000000000E+000,   -0.310056510866613E+002,   -0.300747427404207E+002
    0.685000000000000E+000,    0.473930982309509E+003,    0.869654911547543E-001,    0.579769941031696E-001,    0.000000000000000E+000,    0.221551247706789E+001,    0.318449042277616E+001,    0.000000000000000E+000,   -0.310272689349963E+002,   -0.301060089085940E+002
    0.695000000000000E+000,    0.476008545314383E+003,    0.880042726571913E-001,    0.586695151047942E-001,    0.000000000000000E+000,    0.224081201219529E+001,    0.321756321152476E+001,    0.000000000000000E+000,   -0.310491294844770E+002,   -0.301375986601412E+002
    0.705000000000000E+000,    0.478110671506417E+003,    0.890553357532086E-001,    0.593702238354724E-001,    0.000000000000000E+000,    0.226597029429347E+001,    0.325053095621667E+001,    0.000000000000000E+000,   -0.310712312666774E+002,   -0.301695108584326E+002
    0.715000000000000E+000,    0.480237130363786E+003,    0.901185651818932E-001,    0.600790434545955E-001,    0.000000000000000E+000,    0.229150014320996E+001,    0.328465574819519E+001,    0.000000000000000E+000,   -0.310935767364633E+002,   -0.302017416405943E+002
    0.725000000000000E+000,    0.482387688696314E+003,    0.911938443481569E-001,    0.607958962321046E-001,    0.000000000000000E+000,    0.231734887727364E+001,    0.331741186965749E+001,    0.000000000000000E+000,   -0.311161706054414E+002,   -0.302343075420783E+002
    0.735000000000000E+000,    0.484562110671043E+003,    0.922810553355217E-001,    0.615207035570145E-001,    0.000000000000000E+000,    0.234220973338998E+001,    0.335133099094370E+001,    0.000000000000000E+000,   -0.311390180766365E+002,   -0.302671892935823E+002
    0.745000000000000E+000,    0.486760157838102E+003,    0.933800789190511E-001,    0.622533859460341E-001,    0.000000000000000E+000,    0.236904283079171E+001,    0.338383652056014E+001,    0.000000000000000E+000,   -0.311621015945005E+002,   -0.303004039175529E+002
    0.755000000000000E+000,    0.488981589156849E+003,    0.944907945784244E-001,    0.629938630522830E-001,    0.000000000000000E+000,    0.239454146231967E+001,    0.341751150157837E+001,    0.000000000000000E+000,   -0.311854494502898E+002,   -0.303339312445200E+002
    0.765000000000000E+000,    0.491226161022306E+003,    0.956130805111529E-001,    0.637420536741019E-001,    0.000000000000000E+000,    0.242408845744487E+001,    0.344972909736113E+001,    0.000000000000000E+000,   -0.312090416231360E+002,   -0.303677888169190E+002
    0.775000000000000E+000,    0.493493627291874E+003,    0.967468136459369E-001,    0.644978757639579E-001,    0.000000000000000E+000,    0.245179331307275E+001,    0.348177302905008E+001,    0.000000000000000E+000,   -0.312329198343343E+002,   -0.304019588614710E+002
    0.785000000000000E+000,    0.495783739312325E+003,    0.978918696561623E-001,    0.652612464374416E-001,    0.000000000000000E+000,    0.248115848773742E+001,    0.351499742009885E+001,    0.000000000000000E+000,   -0.312570631338931E+002,   -0.304364359893180E+002
    0.795000000000000E+000,    0.498096245947068E+003,    0.990481229735340E-001,    0.660320819823560E-001,    0.000000000000000E+000,    0.251165189862837E+001,    0.354670215851274E+001,    0.000000000000000E+000,   -0.312814954450803E+002,   -0.304712385903034E+002
    0.805000000000000E+000,    0.500430893603692E+003,    0.100215446801846E+000,    0.668102978678973E-001,    0.000000000000000E+000,    0.254922138839152E+001,    0.357791881806956E+001,    0.000000000000000E+000,   -0.313061920301968E+002,   -0.305063464586661E+002
    0.815000000000000E+000,    0.502787426261771E+003,    0.101393713130886E+000,    0.675958087539238E-001,    0.000000000000000E+000,    0.256178821834274E+001,    0.360616808519852E+001,    0.000000000000000E+000,   -0.313311393180197E+002,   -0.305417530901188E+002
    0.825000000000000E+000,    0.505165585500945E+003,    0.102582792750472E+000,    0.683885285003150E-001,    0.000000000000000E+000,    0.258357722547402E+001,    0.363543690946080E+001,    0.000000000000000E+000,   -0.313562869406450E+002,   -0.305774272291612E+002
    0.835000000000000E+000,    0.507565110529253E+003,    0.103782555264626E+000,    0.691883701764176E-001,    0.000000000000000E+000,    0.260568488045248E+001,    0.366292069165498E+001,    0.000000000000000E+000,   -0.313816621550320E+002,   -0.306133867303222E+002
    0.845000000000000E+000,    0.509985738211735E+003,    0.104992869105867E+000,    0.699952460705783E-001,    0.000000000000000E+000,    0.263053183257754E+001,    0.368997603363035E+001,    0.000000000000000E+000,   -0.314072538325948E+002,   -0.306496095895376E+002
    0.855000000000000E+000,    0.512427203099288E+003,    0.106213601549644E+000,    0.708090676997628E-001,    0.000000000000000E+000,    0.265449676929615E+001,    0.371658373388207E+001,    0.000000000000000E+000,   -0.314330857295346E+002,   -0.306860912766754E+002
    0.865000000000000E+000,    0.514889237457775E+003,    0.107444618728888E+000,    0.716297458192585E-001,    0.000000000000000E+000,    0.268059403467074E+001,    0.374272456317352E+001,    0.000000000000000E+000,   -0.314591449776450E+002,   -0.307228270685759E+002
    0.875000000000000E+000,    0.517371571297384E+003,    0.108685785648692E+000,    0.724571904324613E-001,    0.000000000000000E+000,    0.270118238698775E+001,    0.376837926270609E+001,    0.000000000000000E+000,   -0.314854427438223E+002,   -0.307598120487076E+002
    0.885000000000000E+000,    0.519873932402235E+003,    0.109936966201117E+000,    0.732913108007449E-001,    0.000000000000000E+000,    0.272263942543470E+001,    0.379352854562364E+001,    0.000000000000000E+000,   -0.315119405245084E+002,   -0.307970411068555E+002
    0.895000000000000E+000,    0.522396046360234E+003,    0.111198023180117E+000,    0.741320154534114E-001,    0.000000000000000E+000,    0.274625859878537E+001,    0.381815309987115E+001,    0.000000000000000E+000,   -0.315386568802209E+002,   -0.308345089388679E+002
    0.905000000000000E+000,    0.524937636593165E+003,    0.112468818296582E+000,    0.749792121977216E-001,    0.000000000000000E+000,    0.276951744015779E+001,    0.384522159346670E+001,    0.000000000000000E+000,   -0.315655995624776E+002,   -0.308721993952793E+002
    0.915000000000000E+000,    0.527498424387016E+003,    0.113749212193508E+000,    0.758328081290055E-001,    0.000000000000000E+000,    0.279214146734325E+001,    0.387145548490029E+001,    0.000000000000000E+000,   -0.315927600945213E+002,   -0.309101481021745E+002
    0.925000000000000E+000,    0.530078128922550E+003,    0.115039064461275E+000,    0.766927096408501E-001,    0.000000000000000E+000,    0.281456913299512E+001,    0.389606642349187E+001,    0.000000000000000E+000,   -0.316201332031020E+002,   -0.309483494222549E+002
    0.935000000000000E+000,    0.532676467306093E+003,    0.116338233653047E+000,    0.775588224353643E-001,    0.000000000000000E+000,    0.283777313168627E+001,    0.392089771978258E+001,    0.000000000000000E+000,   -0.316477183032329E+002,   -0.309867798466534E+002
    0.945000000000000E+000,    0.535293154600560E+003,    0.117646577300280E+000,    0.784310515335202E-001,    0.000000000000000E+000,    0.285790647168984E+001,    0.394366387659592E+001,    0.000000000000000E+000,   -0.316755116904205E+002,   -0.310254502317307E+002
    0.955000000000000E+000,    0.537927903856704E+003,    0.118963951928352E+000,    0.793093012855679E-001,    0.000000000000000E+000,    0.287755135356821E+001,    0.396582965505669E+001,    0.000000000000000E+000,   -0.317035009339737E+002,   -0.310643338615551E+002
    0.965000000000000E+000,    0.540580426144575E+003,    0.120290213072288E+000,    0.801934753815251E-001,    0.000000000000000E+000,    0.289680257901271E+001,    0.398815485480655E+001,    0.000000000000000E+000,   -0.317316735502154E+002,   -0.311034212029419E+002
    0.975000000000000E+000,    0.543250430585215E+003,    0.121625215292608E+000,    0.810834768617385E-001,    0.000000000000000E+000,    0.291878711211757E+001,    0.400987585387451E+001,    0.000000000000000E+000,   -0.317600359321686E+002,   -0.311427166950896E+002
    0.985000000000000E+000,    0.545937624382549E+003,    0.122968812191274E+000,    0.819792081275163E-001,    0.000000000000000E+000,    0.293827624620502E+001,    0.403019385168364E+001,    0.000000000000000E+000,   -0.317886090724527E+002,   -0.311822175281974E+002
    0.995000000000000E+000,    0.548641712855494E+003,    0.124320856427747E+000,    0.828805709518314E-001,    0.000000000000000E+000,    0.295914156832699E+001,    0.405064027498187E+001,    0.000000000000000E+000,   -0.318173616955094E+002,   -0.312219024768849E+002
    0.100500000000000E+001,    0.551362399470278E+003,    0.125681199735139E+000,    0.837874664900926E-001,    0.000000000000000E+000,    0.297756436376571E+001,    0.406964898076962E+001,    0.000000000000000E+000,   -0.318463105802914E+002,   -0.312617797340274E+002
    0.101500000000000E+001,    0.554099385872953E+003,    0.127049692936476E+000,    0.846997952909843E-001,    0.000000000000000E+000,    0.299679390264754E+001,    0.408717482328454E+001,    0.000000000000000E+000,   -0.318754281314311E+002,   -0.313018349646275E+002
    0.102500000000000E+001,    0.556852371922117E+003,    0.128426185961059E+000,    0.856174573073725E-001,    0.000000000000000E+000,    0.301639210663117E+001,    0.410477255466686E+001,    0.000000000000000E+000,   -0.319047394788127E+002,   -0.313420454410570E+002
    0.103500000000000E+001,    0.559621055721828E+003,    0.129810527860914E+000,    0.865403519072760E-001,    0.000000000000000E+000,    0.303402222612168E+001,    0.412085631271247E+001,    0.000000000000000E+000,   -0.319342229270554E+002,   -0.313824195307002E+002
    0.104500000000000E+001,    0.562405133654705E+003,    0.131202566827353E+000,    0.874683778849018E-001,    0.000000000000000E+000,    0.305191469361784E+001,    0.413538205128016E+001,    0.000000000000000E+000,   -0.319638733084723E+002,   -0.314229421641266E+002
    0.105500000000000E+001,    0.565204300415231E+003,    0.132602150207616E+000,    0.884014334717437E-001,    0.000000000000000E+000,    0.306923182900416E+001,    0.414992494601868E+001,    0.000000000000000E+000,   -0.319936810618022E+002,   -0.314635891105743E+002
    0.106500000000000E+001,    0.568018249043225E+003,    0.134009124521613E+000,    0.893394163477418E-001,    0.000000000000000E+000,    0.308737120408904E+001,    0.416288330979208E+001,    0.000000000000000E+000,   -0.320236563889815E+002,   -0.315043689836348E+002
    0.107500000000000E+001,    0.570846670957511E+003,    0.135423335478756E+000,    0.902822236525038E-001,    0.000000000000000E+000,    0.310504580392420E+001,    0.417421464464691E+001,    0.000000000000000E+000,   -0.320538015699572E+002,   -0.315452660390840E+002
    0.108500000000000E+001,    0.573689255989753E+003,    0.136844627994876E+000,    0.912297519965842E-001,    0.000000000000000E+000,    0.312305368023283E+001,    0.418551147973298E+001,    0.000000000000000E+000,   -0.320841056610413E+002,   -0.315862545554761E+002
    0.109500000000000E+001,    0.576545692418467E+003,    0.138272846209234E+000,    0.921818974728225E-001,    0.000000000000000E+000,    0.313747013688627E+001,    0.419516046494416E+001,    0.000000000000000E+000,   -0.321145560914703E+002,   -0.316273434786936E+002
    0.110500000000000E+001,    0.579415667003212E+003,    0.139707833501606E+000,    0.931385556677373E-001,    0.000000000000000E+000,    0.315388561401076E+001,    0.420723248600650E+001,    0.000000000000000E+000,   -0.321451500584730E+002,   -0.316684910780385E+002
    0.111500000000000E+001,    0.582298865018932E+003,    0.141149432509466E+000,    0.940996216729772E-001,    0.000000000000000E+000,    0.316614260151885E+001,    0.421774574038791E+001,    0.000000000000000E+000,   -0.321758877957575E+002,   -0.317097460696765E+002
    0.112500000000000E+001,    0.585194970290473E+003,    0.142597485145237E+000,    0.950649900968244E-001,    0.000000000000000E+000,    0.317824415344540E+001,    0.422832236256451E+001,    0.000000000000000E+000,   -0.322067274793737E+002,   -0.317510822319494E+002
    0.113500000000000E+001,    0.588103665227257E+003,    0.144051832613629E+000,    0.960345550757525E-001,    0.000000000000000E+000,    0.319411615870655E+001,    0.423817761895812E+001,    0.000000000000000E+000,   -0.322376942539154E+002,   -0.317925051540615E+002
    0.114500000000000E+001,    0.591024630858107E+003,    0.145512315429053E+000,    0.970082102860355E-001,    0.000000000000000E+000,    0.320889679826388E+001,    0.424732388001930E+001,    0.000000000000000E+000,   -0.322688029458833E+002,   -0.318340074089850E+002
    0.115500000000000E+001,    0.593957546866223E+003,    0.146978773433111E+000,    0.979858489554076E-001,    0.000000000000000E+000,    0.322386466333565E+001,    0.425494421820434E+001,    0.000000000000000E+000,   -0.323000399342509E+002,   -0.318755875896406E+002
    0.116500000000000E+001,    0.596902091624315E+003,    0.148451045812158E+000,    0.989673638747717E-001,    0.000000000000000E+000,    0.323773356563078E+001,    0.426185688261001E+001,    0.000000000000000E+000,   -0.323314095595181E+002,   -0.319172245810634E+002
    0.117500000000000E+001,    0.599857942229869E+003,    0.149928971114934E+000,    0.999526474099562E-001,    0.000000000000000E+000,    0.324399006104156E+001,    0.426641508273572E+001,    0.000000000000000E+000,   -0.323629133754743E+002,   -0.319589235908190E+002
    0.118500000000000E+001,    0.602824774540555E+003,    0.151412387270278E+000,    0.100941591513518E+000,    0.000000000000000E+000,    0.324866033123585E+001,    0.426464007598860E+001,    0.000000000000000E+000,   -0.323944481435965E+002,   -0.320006213859570E+002
    0.119500000000000E+001,    0.605802263209779E+003,    0.152901131604889E+000,    0.101934087736593E+000,    0.000000000000000E+000,    0.324460347011150E+001,    0.426062031089952E+001,    0.000000000000000E+000,   -0.324259502803902E+002,   -0.320422861498132E+002
    0.120500000000000E+001,    0.608790081722353E+003,    0.154395040861176E+000,    0.102930027240784E+000,    0.000000000000000E+000,    0.324117391201164E+001,    0.425458032885199E+001,    0.000000000000000E+000,   -0.324573988649096E+002,   -0.320838969858607E+002
    0.121500000000000E+001,    0.611787902430309E+003,    0.155893951215154E+000,    0.103929300810103E+000,    0.000000000000000E+000,    0.323928592888355E+001,    0.424647380470402E+001,    0.000000000000000E+000,   -0.324888162425327E+002,   -0.321254338891436E+002
    0.122500000000000E+001,    0.614795396588823E+003,    0.157397698294412E+000,    0.104931798862941E+000,    0.000000000000000E+000,    0.323425297430762E+001,    0.423625581760070E+001,    0.000000000000000E+000,   -0.325202009272728E+002,   -0.321668764220713E+002
    0.123500000000000E+001,    0.617812234392270E+003,    0.158906117196135E+000,    0.105937411464090E+000,    0.000000000000000E+000,    0.323001378085151E+001,    0.422471443006861E+001,    0.000000000000000E+000,   -0.325515412039014E+002,   -0.322081963599704E+002
    0.124500000000000E+001,    0.620838085010388E+003,    0.160419042505194E+000,    0.106946028336796E+000,    0.000000000000000E+000,    0.322742447435727E+001,    0.421018381559882E+001,    0.000000000000000E+000,   -0.325828473344795E+002,   -0.322493954286581E+002
    0.125500000000000E+001,    0.623872616624558E+003,    0.161936308312279E+000,    0.107957538874853E+000,    0.000000000000000E+000,    0.322488612753533E+001,    0.419424014027367E+001,    0.000000000000000E+000,   -0.326141284280233E+002,   -0.322904289509903E+002
    0.126500000000000E+001,    0.626915496464193E+003,    0.163457748232097E+000,    0.108971832154731E+000,    0.000000000000000E+000,    0.322191918879606E+001,    0.417605352333516E+001,    0.000000000000000E+000,   -0.326453788924385E+002,   -0.323312906336201E+002
    0.127500000000000E+001,    0.629966390843228E+003,    0.164983195421614E+000,    0.109988796947743E+000,    0.000000000000000E+000,    0.321848839296389E+001,    0.415558294972726E+001,    0.000000000000000E+000,   -0.326765859145921E+002,   -0.323719583815250E+002
    0.128500000000000E+001,    0.633024965196715E+003,    0.166512482598357E+000,    0.111008321732238E+000,    0.000000000000000E+000,    0.321229786739998E+001,    0.413442213297135E+001,    0.000000000000000E+000,   -0.327077401235637E+002,   -0.324123929482057E+002
    0.129500000000000E+001,    0.636090884117507E+003,    0.168045442058754E+000,    0.112030294705836E+000,    0.000000000000000E+000,    0.320567727530836E+001,    0.411097873960724E+001,    0.000000000000000E+000,   -0.327388096634562E+002,   -0.324526040747581E+002
    0.130500000000000E+001,    0.639163811393046E+003,    0.169581905696523E+000,    0.113054603797682E+000,    0.000000000000000E+000,    0.319779982996932E+001,    0.408602484241053E+001,    0.000000000000000E+000,   -0.327698066010256E+002,   -0.324925605107178E+002
    0.131500000000000E+001,    0.642243410042228E+003,    0.171121705021114E+000,    0.114081136680743E+000,    0.000000000000000E+000,    0.318808329579225E+001,    0.405875689964651E+001,    0.000000000000000E+000,   -0.328007043225674E+002,   -0.325322561195935E+002
    0.132500000000000E+001,    0.645329342352356E+003,    0.172664671176178E+000,    0.115109780784119E+000,    0.000000000000000E+000,    0.317874838821204E+001,    0.403013938175027E+001,    0.000000000000000E+000,   -0.328314940421946E+002,   -0.325716566174061E+002
    0.133500000000000E+001,    0.648421269916177E+003,    0.174210634958089E+000,    0.116140423305392E+000,    0.000000000000000E+000,    0.316784334295207E+001,    0.400137875643606E+001,    0.000000000000000E+000,   -0.328621815454473E+002,   -0.326107341390606E+002
    0.134500000000000E+001,    0.651518853668992E+003,    0.175759426834496E+000,    0.117172951222997E+000,    0.000000000000000E+000,    0.315410359947032E+001,    0.397077748130857E+001,    0.000000000000000E+000,   -0.328927367276661E+002,   -0.326495082377121E+002
    0.135500000000000E+001,    0.654621753925834E+003,    0.177310876962917E+000,    0.118207251308611E+000,    0.000000000000000E+000,    0.313781089104056E+001,    0.393793885865616E+001,    0.000000000000000E+000,   -0.329231407469630E+002,   -0.326879657103769E+002
    0.136500000000000E+001,    0.657729630418725E+003,    0.178864815209363E+000,    0.119243210139575E+000,    0.000000000000000E+000,    0.311769093094687E+001,    0.390322887173401E+001,    0.000000000000000E+000,   -0.329533458971637E+002,   -0.327260795831159E+002
    0.137500000000000E+001,    0.660842142333984E+003,    0.180421071166992E+000,    0.120280714111328E+000,    0.000000000000000E+000,    0.309619230317058E+001,    0.386626012190554E+001,    0.000000000000000E+000,   -0.329833448165754E+002,   -0.327638366223070E+002
    0.138500000000000E+001,    0.663958948349606E+003,    0.181979474174803E+000,    0.121319649449869E+000,    0.000000000000000E+000,    0.307612248128358E+001,    0.382701212221089E+001,    0.000000000000000E+000,   -0.330131257117650E+002,   -0.328012147686275E+002
    0.139500000000000E+001,    0.667079706672686E+003,    0.183539853336343E+000,    0.122359902224229E+000,    0.000000000000000E+000,    0.305247916323525E+001,    0.378546494273806E+001,    0.000000000000000E+000,   -0.330426776953058E+002,   -0.328381917751351E+002
    0.140500000000000E+001,    0.670204075076908E+003,    0.185102037538454E+000,    0.123401358358969E+000,    0.000000000000000E+000,    0.302830971378114E+001,    0.374197420738992E+001,    0.000000000000000E+000,   -0.330719998393860E+002,   -0.328747396369223E+002
    0.141500000000000E+001,    0.673331710940068E+003,    0.186665855470034E+000,    0.124443903646689E+000,    0.000000000000000E+000,    0.300494543557362E+001,    0.369765620517731E+001,    0.000000000000000E+000,   -0.331010787535630E+002,   -0.329108221590452E+002
    0.142500000000000E+001,    0.676462271281646E+003,    0.188231135640823E+000,    0.125487423760549E+000,    0.000000000000000E+000,    0.298029712827796E+001,    0.365184850610781E+001,    0.000000000000000E+000,   -0.331299041512506E+002,   -0.329464423472106E+002
    0.143500000000000E+001,    0.679595412800425E+003,    0.189797706400213E+000,    0.126531804266809E+000,    0.000000000000000E+000,    0.295249720283399E+001,    0.360422361692715E+001,    0.000000000000000E+000,   -0.331584672951827E+002,   -0.329815913845391E+002
    0.144500000000000E+001,    0.682730791912130E+003,    0.191365395956065E+000,    0.127576930637377E+000,    0.000000000000000E+000,    0.292351246973104E+001,    0.355444097234814E+001,    0.000000000000000E+000,   -0.331867440781557E+002,   -0.330162575710996E+002
    0.145500000000000E+001,    0.685868064787107E+003,    0.192934032393554E+000,    0.128622688262369E+000,    0.000000000000000E+000,    0.289382139381434E+001,    0.350285380936375E+001,    0.000000000000000E+000,   -0.332147183206202E+002,   -0.330504137648883E+002
    0.146500000000000E+001,    0.689006887388033E+003,    0.194503443694017E+000,    0.129668962462678E+000,    0.000000000000000E+000,    0.286310681557487E+001,    0.344948797506696E+001,    0.000000000000000E+000,   -0.332423838966488E+002,   -0.330840423460308E+002
    0.147500000000000E+001,    0.692146915507638E+003,    0.196073457753819E+000,    0.130715638502546E+000,    0.000000000000000E+000,    0.283055650330394E+001,    0.339437566276983E+001,    0.000000000000000E+000,   -0.332697260863321E+002,   -0.331171259704076E+002
    0.148500000000000E+001,    0.695287804806454E+003,    0.197643902403227E+000,    0.131762601602151E+000,    0.000000000000000E+000,    0.279237305389597E+001,    0.333721803065800E+001,    0.000000000000000E+000,   -0.332967253759791E+002,   -0.331496542415489E+002
    0.149500000000000E+001,    0.698429210850574E+003,    0.199214605425287E+000,    0.132809736950191E+000,    0.000000000000000E+000,    0.274030328047830E+001,    0.327837738249844E+001,    0.000000000000000E+000,   -0.333233252657787E+002,   -0.331816006772591E+002
    0.150500000000000E+001,    0.701570789149426E+003,    0.200785394574713E+000,    0.133856929716475E+000,    0.000000000000000E+000,    0.269402399593874E+001,    0.321208079739601E+001,    0.000000000000000E+000,   -0.333494907538741E+002,   -0.332129204863237E+002
    0.151500000000000E+001,    0.704712195193546E+003,    0.202356097596773E+000,    0.134904065064515E+000,    0.000000000000000E+000,    0.265470976120216E+001,    0.313883862306466E+001,    0.000000000000000E+000,   -0.333752166540785E+002,   -0.332435174736311E+002
    0.152500000000000E+001,    0.707853084492362E+003,    0.203926542246181E+000,    0.135951028164121E+000,    0.000000000000000E+000,    0.260313415124165E+001,    0.306563160039890E+001,    0.000000000000000E+000,   -0.334004360243646E+002,   -0.332733221086474E+002
    0.153500000000000E+001,    0.710993112611967E+003,    0.205496556305983E+000,    0.136997704203989E+000,    0.000000000000000E+000,    0.254382988079360E+001,    0.298983602875135E+001,    0.000000000000000E+000,   -0.334250915918495E+002,   -0.333023990868921E+002
    0.154500000000000E+001,    0.714131935212893E+003,    0.207065967606446E+000,    0.138043978404298E+000,    0.000000000000000E+000,    0.248057838104530E+001,    0.291171378709633E+001,    0.000000000000000E+000,   -0.334491087628272E+002,   -0.333307159825628E+002
    0.155500000000000E+001,    0.717269208087870E+003,    0.208634604043935E+000,    0.139089736029290E+000,    0.000000000000000E+000,    0.241693382080120E+001,    0.283125278312444E+001,    0.000000000000000E+000,   -0.334724989109588E+002,   -0.333582502544803E+002
    0.156500000000000E+001,    0.720404587199574E+003,    0.210202293599787E+000,    0.140134862399858E+000,    0.000000000000000E+000,    0.235113051294478E+001,    0.274844420034543E+001,    0.000000000000000E+000,   -0.334952337433331E+002,   -0.333849792816659E+002
    0.157500000000000E+001,    0.723537728718353E+003,    0.211768864359177E+000,    0.141179242906118E+000,    0.000000000000000E+000,    0.227869806866233E+001,    0.266328133886624E+001,    0.000000000000000E+000,   -0.335172885177058E+002,   -0.334108803847693E+002
    0.158500000000000E+001,    0.726668289059932E+003,    0.213334144529966E+000,    0.142222763019977E+000,    0.000000000000000E+000,    0.221809550612506E+001,    0.257603023569312E+001,    0.000000000000000E+000,   -0.335386930820621E+002,   -0.334359227881883E+002
    0.159500000000000E+001,    0.729795924923092E+003,    0.214897962461546E+000,    0.143265308307697E+000,    0.000000000000000E+000,    0.215575319010139E+001,    0.248618603273940E+001,    0.000000000000000E+000,   -0.335594857893511E+002,   -0.334601026170454E+002
    0.160500000000000E+001,    0.732920293327314E+003,    0.216460146663657E+000,    0.144306764442438E+000,    0.000000000000000E+000,    0.209191439226835E+001,    0.239423043372727E+001,    0.000000000000000E+000,   -0.335796424457650E+002,   -0.334833783220557E+002
    0.161500000000000E+001,    0.736041051650394E+003,    0.218020525825197E+000,    0.145347017216798E+000,    0.000000000000000E+000,    0.202314656682112E+001,    0.229994024061008E+001,    0.000000000000000E+000,   -0.335991385804638E+002,   -0.335057379304523E+002
    0.162500000000000E+001,    0.739157857666016E+003,    0.219578928833008E+000,    0.146385952555339E+000,    0.000000000000000E+000,    0.194618260381394E+001,    0.220355166629052E+001,    0.000000000000000E+000,   -0.336179150315198E+002,   -0.335271503302477E+002
    0.163500000000000E+001,    0.742270369581275E+003,    0.221135184790637E+000,    0.147423456527092E+000,    0.000000000000000E+000,    0.186758371175497E+001,    0.210486199996640E+001,    0.000000000000000E+000,   -0.336359194688665E+002,   -0.335476040051709E+002
    0.164500000000000E+001,    0.745378246074166E+003,    0.222689123037083E+000,    0.148459415358055E+000,    0.000000000000000E+000,    0.178362131341234E+001,    0.200409127017579E+001,    0.000000000000000E+000,   -0.336531279475668E+002,   -0.335670679021789E+002
    0.165500000000000E+001,    0.748481146331008E+003,    0.224240573165504E+000,    0.149493715443669E+000,    0.000000000000000E+000,    0.169897147866956E+001,    0.190105780349213E+001,    0.000000000000000E+000,   -0.336694862193467E+002,   -0.335855310003537E+002
    0.166500000000000E+001,    0.751578730083823E+003,    0.225789365041911E+000,    0.150526243361274E+000,    0.000000000000000E+000,    0.160853445567679E+001,    0.179576365854964E+001,    0.000000000000000E+000,   -0.336849790204888E+002,   -0.336029715793767E+002
    0.167500000000000E+001,    0.754670657647644E+003,    0.227335328823822E+000,    0.151556885882548E+000,    0.000000000000000E+000,    0.151730559911022E+001,    0.168840116951003E+001,    0.000000000000000E+000,   -0.336995861122187E+002,   -0.336193585704622E+002
    0.168500000000000E+001,    0.757756589957772E+003,    0.228878294978886E+000,    0.152585529985924E+000,    0.000000000000000E+000,    0.142486377309138E+001,    0.157881942911791E+001,    0.000000000000000E+000,   -0.337132823149129E+002,   -0.336346815526707E+002
    0.169500000000000E+001,    0.760836188606954E+003,    0.230418094303477E+000,    0.153612062868985E+000,    0.000000000000000E+000,    0.133074810507897E+001,    0.146753195242736E+001,    0.000000000000000E+000,   -0.337260674793357E+002,   -0.336488902593661E+002
    0.170500000000000E+001,    0.763909115882493E+003,    0.231954557941246E+000,    0.154636371960831E+000,    0.000000000000000E+000,    0.123297873609865E+001,    0.135462979496044E+001,    0.000000000000000E+000,   -0.337379015555425E+002,   -0.336619680678956E+002
    0.171500000000000E+001,    0.766975034803285E+003,    0.233487517401643E+000,    0.155658344934428E+000,    0.000000000000000E+000,    0.113748819059814E+001,    0.123976188350504E+001,    0.000000000000000E+000,   -0.337487898224731E+002,   -0.336739291630612E+002
    0.172500000000000E+001,    0.770033609156772E+003,    0.235016804578386E+000,    0.156677869718924E+000,    0.000000000000000E+000,    0.104875346469871E+001,    0.112321974249173E+001,    0.000000000000000E+000,   -0.337587685535273E+002,   -0.336847346096713E+002
    0.173500000000000E+001,    0.773084503535807E+003,    0.236542251767903E+000,    0.157694834511936E+000,    0.000000000000000E+000,    0.957127476473770E+000,    0.100482357304404E+001,    0.000000000000000E+000,   -0.337678573495175E+002,   -0.336943888233341E+002
    0.174500000000000E+001,    0.776127383375442E+003,    0.238063691687721E+000,    0.158709127791814E+000,    0.000000000000000E+000,    0.862176225593814E+000,    0.884591818336762E+000,    0.000000000000000E+000,   -0.337759986664510E+002,   -0.337028742091388E+002
    0.175500000000000E+001,    0.779161914989612E+003,    0.239580957494806E+000,    0.159720638329871E+000,    0.000000000000000E+000,    0.766525886613482E+000,    0.762756089563889E+000,    0.000000000000000E+000,   -0.337831970429785E+002,   -0.337101522701406E+002
    0.176500000000000E+001,    0.782187765607730E+003,    0.241093882803865E+000,    0.160729255202577E+000,    0.000000000000000E+000,    0.667128717925360E+000,    0.639212737036645E+000,    0.000000000000000E+000,   -0.337894392485998E+002,   -0.337162290459270E+002
    0.177500000000000E+001,    0.785204603411177E+003,    0.242602301705588E+000,    0.161734867803726E+000,    0.000000000000000E+000,    0.568348375566981E+000,    0.514154270728217E+000,    0.000000000000000E+000,   -0.337946822815734E+002,   -0.337210667425454E+002
    0.178500000000000E+001,    0.788212097569691E+003,    0.244106048784846E+000,    0.162737365856564E+000,    0.000000000000000E+000,    0.463789727603502E+000,    0.387533332206376E+000,    0.000000000000000E+000,   -0.337989355971495E+002,   -0.337246728898576E+002
    0.179500000000000E+001,    0.791209918277647E+003,    0.245604959138824E+000,    0.163736639425882E+000,    0.000000000000000E+000,    0.356292787751792E+000,    0.259446009109324E+000,    0.000000000000000E+000,   -0.338021497629737E+002,   -0.337270216879551E+002
    0.180500000000000E+001,    0.794197736790222E+003,    0.247098868395111E+000,    0.164732578930074E+000,    0.000000000000000E+000,    0.241009402184721E+000,    0.130018392812650E+000,    0.000000000000000E+000,   -0.338042975697819E+002,   -0.337280880674981E+002
    0.181500000000000E+001,    0.797175225459445E+003,    0.248587612729722E+000,    0.165725075153148E+000,    0.000000000000000E+000,    0.107952472874014E+000,   -0.694088447528985E-003,    0.000000000000000E+000,   -0.338052990796521E+002,   -0.337278821913775E+002
    0.182500000000000E+001,    0.800142057770131E+003,    0.250071028885066E+000,    0.166714019256710E+000,    0.000000000000000E+000,   -0.559160180520160E-001,   -0.133278873609078E+000,    0.000000000000000E+000,   -0.338050187610420E+002,   -0.337263772531588E+002
    0.183500000000000E+001,    0.803097908375685E+003,    0.251548954187842E+000,    0.167699302791895E+000,    0.000000000000000E+000,   -0.128782261617405E+000,   -0.280921476485516E+000,    0.000000000000000E+000,   -0.338035574317344E+002,   -0.337234676417427E+002
    0.184500000000000E+001,    0.806042453133777E+003,    0.253021226566889E+000,    0.168680817711259E+000,    0.000000000000000E+000,   -0.244180161699509E+000,   -0.430107305959042E+000,    0.000000000000000E+000,   -0.338009728088001E+002,   -0.337190930406631E+002
    0.185500000000000E+001,    0.808975369141893E+003,    0.254487684570947E+000,    0.169658456380631E+000,    0.000000000000000E+000,   -0.379665684396808E+000,   -0.580812660180917E+000,    0.000000000000000E+000,   -0.337970909346588E+002,   -0.337132504145086E+002
    0.186500000000000E+001,    0.811896334772743E+003,    0.255948167386371E+000,    0.170632111590914E+000,    0.000000000000000E+000,   -0.525668316078096E+000,   -0.733071307156356E+000,    0.000000000000000E+000,   -0.337917851264425E+002,   -0.337059161388284E+002
    0.187500000000000E+001,    0.814805029709527E+003,    0.257402514854763E+000,    0.171601676569842E+000,    0.000000000000000E+000,   -0.678001060792186E+000,   -0.886836587584253E+000,    0.000000000000000E+000,   -0.337850011977166E+002,   -0.336970815102968E+002
    0.188500000000000E+001,    0.817701134981069E+003,    0.258850567490534E+000,    0.172567044993689E+000,    0.000000000000000E+000,   -0.832187300975092E+000,   -0.104212656740019E+001,    0.000000000000000E+000,   -0.337767123332040E+002,   -0.336867260469843E+002
    0.189500000000000E+001,    0.820584332996788E+003,    0.260292166498394E+000,    0.173528110998929E+000,    0.000000000000000E+000,   -0.988883715514169E+000,   -0.119890939347976E+001,    0.000000000000000E+000,   -0.337668940824875E+002,   -0.336748352972565E+002
    0.190500000000000E+001,    0.823454307581533E+003,    0.261727153790766E+000,    0.174484769193844E+000,    0.000000000000000E+000,   -0.114673964014617E+001,   -0.135737347721552E+001,    0.000000000000000E+000,   -0.337555345933315E+002,   -0.336613635156320E+002
    0.191500000000000E+001,    0.826310744010247E+003,    0.263155372005124E+000,    0.175436914670082E+000,    0.000000000000000E+000,   -0.129893459850008E+001,   -0.151733880461877E+001,    0.000000000000000E+000,   -0.337426562681366E+002,   -0.336463011077082E+002
    0.192500000000000E+001,    0.829153329042489E+003,    0.264576664521244E+000,    0.176384443014163E+000,    0.000000000000000E+000,   -0.144938921778691E+001,   -0.167839122313837E+001,    0.000000000000000E+000,   -0.337282820379360E+002,   -0.336296662195587E+002
    0.193500000000000E+001,    0.831981750956774E+003,    0.265990875478387E+000,    0.177327250318925E+000,    0.000000000000000E+000,   -0.160608584700325E+001,   -0.184050091882771E+001,    0.000000000000000E+000,   -0.337124035156197E+002,   -0.336114488144508E+002
    0.194500000000000E+001,    0.834795699584769E+003,    0.267397849792384E+000,    0.178265233194923E+000,    0.000000000000000E+000,   -0.176216149922374E+001,   -0.200371158488653E+001,    0.000000000000000E+000,   -0.336949737514378E+002,   -0.335916325637594E+002
    0.195500000000000E+001,    0.837594866345294E+003,    0.268797433172647E+000,    0.179198288781765E+000,    0.000000000000000E+000,   -0.192280234448042E+001,   -0.216797263616156E+001,    0.000000000000000E+000,   -0.336759992875736E+002,   -0.335702073168444E+002
    0.196500000000000E+001,    0.840378944278172E+003,    0.270189472139086E+000,    0.180126314759391E+000,    0.000000000000000E+000,   -0.208770397738280E+001,   -0.233309805421474E+001,    0.000000000000000E+000,   -0.336554164042074E+002,   -0.335471735100533E+002
    0.197500000000000E+001,    0.843147628077882E+003,    0.271573814038941E+000,    0.181049209359294E+000,    0.000000000000000E+000,   -0.225680902807840E+001,   -0.249940636083958E+001,    0.000000000000000E+000,   -0.336331954998579E+002,   -0.335224995720025E+002
    0.198500000000000E+001,    0.845900614127047E+003,    0.272950307063524E+000,    0.181966871375682E+000,    0.000000000000000E+000,   -0.241767236490031E+001,   -0.266691007408216E+001,    0.000000000000000E+000,   -0.336093480140271E+002,   -0.334961677727415E+002
    0.199500000000000E+001,    0.848637600529722E+003,    0.274318800264861E+000,    0.182879200176574E+000,    0.000000000000000E+000,   -0.257963001777807E+001,   -0.283537957382231E+001,    0.000000000000000E+000,   -0.335838965140119E+002,   -0.334681740488429E+002
    0.200500000000000E+001,    0.851358287144506E+003,    0.275679143572253E+000,    0.183786095714835E+000,    0.000000000000000E+000,   -0.274431255234543E+001,   -0.300429117210492E+001,    0.000000000000000E+000,   -0.335568273656894E+002,   -0.334385340573220E+002
    0.201500000000000E+001,    0.854062375617451E+003,    0.277031187808726E+000,    0.184687458539150E+000,    0.000000000000000E+000,   -0.290622283280750E+001,   -0.317380666020135E+001,    0.000000000000000E+000,   -0.335281412479642E+002,   -0.334072335990441E+002
    0.202500000000000E+001,    0.856749569414785E+003,    0.278374784707392E+000,    0.185583189804928E+000,    0.000000000000000E+000,   -0.307192860206337E+001,   -0.334365758458767E+001,    0.000000000000000E+000,   -0.334978462395577E+002,   -0.333742780884557E+002
    0.203500000000000E+001,    0.859419573855425E+003,    0.279709786927712E+000,    0.186473191285142E+000,    0.000000000000000E+000,   -0.324382539452525E+001,   -0.351388369072173E+001,    0.000000000000000E+000,   -0.334658743260328E+002,   -0.333396613277241E+002
    0.204500000000000E+001,    0.862072096143296E+003,    0.281036048071648E+000,    0.187357365381099E+000,    0.000000000000000E+000,   -0.341647668735963E+001,   -0.368451789302067E+001,    0.000000000000000E+000,   -0.334322146112284E+002,   -0.333033767193678E+002
    0.205500000000000E+001,    0.864706845399439E+003,    0.282353422699720E+000,    0.188235615133146E+000,    0.000000000000000E+000,   -0.359362142216584E+001,   -0.385558568896089E+001,    0.000000000000000E+000,   -0.333968319718220E+002,   -0.332654173399661E+002
    0.206500000000000E+001,    0.867323532693907E+003,    0.283661766346954E+000,    0.189107844231302E+000,    0.000000000000000E+000,   -0.377400032523599E+001,   -0.402668376546045E+001,    0.000000000000000E+000,   -0.333597021631346E+002,   -0.332257942250545E+002
    0.207500000000000E+001,    0.869921871077450E+003,    0.284960935538725E+000,    0.189973957025817E+000,    0.000000000000000E+000,   -0.395388533051319E+001,   -0.419814293058742E+001,    0.000000000000000E+000,   -0.333208028016162E+002,   -0.331844929957005E+002
    0.208500000000000E+001,    0.872501575612984E+003,    0.286250787806492E+000,    0.190833858537661E+000,    0.000000000000000E+000,   -0.414002023263871E+001,   -0.436989574183578E+001,    0.000000000000000E+000,   -0.332801169636953E+002,   -0.331415108269268E+002
    0.209500000000000E+001,    0.875062363406835E+003,    0.287531181703418E+000,    0.191687454468945E+000,    0.000000000000000E+000,   -0.432928453372957E+001,   -0.454187357161682E+001,    0.000000000000000E+000,   -0.332375976942264E+002,   -0.330968455514377E+002
    0.210500000000000E+001,    0.877603953639766E+003,    0.288801976819883E+000,    0.192534651213255E+000,    0.000000000000000E+000,   -0.452028434337843E+001,   -0.471380585102145E+001,    0.000000000000000E+000,   -0.331932354567215E+002,   -0.330505031323606E+002
    0.211500000000000E+001,    0.880126067597765E+003,    0.290063033798883E+000,    0.193375355865922E+000,    0.000000000000000E+000,   -0.471710464912548E+001,   -0.488585299379500E+001,    0.000000000000000E+000,   -0.331469782183510E+002,   -0.330024771235832E+002
    0.212500000000000E+001,    0.882628428702616E+003,    0.291314214351308E+000,    0.194209476234205E+000,    0.000000000000000E+000,   -0.489532465931109E+001,   -0.505750845568059E+001,    0.000000000000000E+000,   -0.330988955032976E+002,   -0.329527821774976E+002
    0.213500000000000E+001,    0.885110762542225E+003,    0.292555381271112E+000,    0.195036920847408E+000,    0.000000000000000E+000,   -0.507264607128335E+001,   -0.522919429731122E+001,    0.000000000000000E+000,   -0.330490566952332E+002,   -0.329014074576231E+002
    0.214500000000000E+001,    0.887572796900712E+003,    0.293786398450356E+000,    0.195857598966904E+000,    0.000000000000000E+000,   -0.525011485816383E+001,   -0.540083276886198E+001,    0.000000000000000E+000,   -0.329974738396619E+002,   -0.328483533535964E+002
    0.215500000000000E+001,    0.890014261788265E+003,    0.295007130894133E+000,    0.196671420596088E+000,    0.000000000000000E+000,   -0.543082087818202E+001,   -0.557210135218979E+001,    0.000000000000000E+000,   -0.329441351920600E+002,   -0.327936286530602E+002
    0.216500000000000E+001,    0.892434889470747E+003,    0.296217444735374E+000,    0.197478296490249E+000,    0.000000000000000E+000,   -0.561597769426458E+001,   -0.574293713305130E+001,    0.000000000000000E+000,   -0.328890139276953E+002,   -0.327372375283820E+002
    0.217500000000000E+001,    0.894834414499055E+003,    0.297417207249528E+000,    0.198278138166352E+000,    0.000000000000000E+000,   -0.580736644978270E+001,   -0.591352517839485E+001,    0.000000000000000E+000,   -0.328320745990632E+002,   -0.326791770558458E+002
    0.218500000000000E+001,    0.897212573738229E+003,    0.298606286869114E+000,    0.199070857912743E+000,    0.000000000000000E+000,   -0.601411390718492E+001,   -0.608348821932271E+001,    0.000000000000000E+000,   -0.327732545000393E+002,   -0.326194580570197E+002
    0.219500000000000E+001,    0.899569106396308E+003,    0.299784553198154E+000,    0.199856368798769E+000,    0.000000000000000E+000,   -0.625770931494767E+001,   -0.625298228163520E+001,    0.000000000000000E+000,   -0.327124085036531E+002,   -0.325580794226537E+002
    0.220500000000000E+001,    0.901903754052932E+003,    0.300951877026466E+000,    0.200634584684311E+000,    0.000000000000000E+000,   -0.640384697907269E+001,   -0.643643354050675E+001,    0.000000000000000E+000,   -0.326496671466390E+002,   -0.324949825825114E+002
    0.221500000000000E+001,    0.904216260687675E+003,    0.302108130343838E+000,    0.201405420229225E+000,    0.000000000000000E+000,   -0.656777787083847E+001,   -0.662297415808962E+001,    0.000000000000000E+000,   -0.325852203272974E+002,   -0.324300790376317E+002
    0.222500000000000E+001,    0.906506372708126E+003,    0.303253186354063E+000,    0.202168790902709E+000,    0.000000000000000E+000,   -0.675454848635806E+001,   -0.681022350955489E+001,    0.000000000000000E+000,   -0.325189349862491E+002,   -0.323633313832082E+002
    0.223500000000000E+001,    0.908773838977694E+003,    0.304386919488847E+000,    0.202924612992565E+000,    0.000000000000000E+000,   -0.695665683888339E+001,   -0.699751052181462E+001,    0.000000000000000E+000,   -0.324506812383258E+002,   -0.322947488826261E+002
    0.224500000000000E+001,    0.911018410843151E+003,    0.305509205421576E+000,    0.203672803614384E+000,    0.000000000000000E+000,   -0.715921235380123E+001,   -0.718480954439840E+001,    0.000000000000000E+000,   -0.323804179418682E+002,   -0.322243315274830E+002
    0.225500000000000E+001,    0.913239842161898E+003,    0.306619921080949E+000,    0.204413280720633E+000,    0.000000000000000E+000,   -0.737381475768305E+001,   -0.737143423304985E+001,    0.000000000000000E+000,   -0.323080852756577E+002,   -0.321520954136303E+002
    0.226500000000000E+001,    0.915437889328957E+003,    0.307718944664478E+000,    0.205145963109652E+000,    0.000000000000000E+000,   -0.758099578640448E+001,   -0.755772576080861E+001,    0.000000000000000E+000,   -0.322336803846877E+002,   -0.320780393987490E+002
    0.227500000000000E+001,    0.917612311303686E+003,    0.308806155651843E+000,    0.205870770434562E+000,    0.000000000000000E+000,   -0.779534186534006E+001,   -0.774400838467318E+001,    0.000000000000000E+000,   -0.321572018234825E+002,   -0.320021591821497E+002
    0.228500000000000E+001,    0.919762869636214E+003,    0.309881434818107E+000,    0.206587623212071E+000,    0.000000000000000E+000,   -0.800572571220747E+001,   -0.792953393223214E+001,    0.000000000000000E+000,   -0.320786364638062E+002,   -0.319244712350128E+002
    0.229500000000000E+001,    0.921889328493583E+003,    0.310944664246791E+000,    0.207296442831194E+000,    0.000000000000000E+000,   -0.822066562109208E+001,   -0.811466589306357E+001,    0.000000000000000E+000,   -0.319979808793151E+002,   -0.318449752068226E+002
    0.230500000000000E+001,    0.923991454685617E+003,    0.311995727342809E+000,    0.207997151561872E+000,    0.000000000000000E+000,   -0.843350941814944E+001,   -0.829938362616339E+001,    0.000000000000000E+000,   -0.319152190392561E+002,   -0.317636753065453E+002
    0.231500000000000E+001,    0.926069017690491E+003,    0.313034508845246E+000,    0.208689672563497E+000,    0.000000000000000E+000,   -0.864902614016308E+001,   -0.848366732685358E+001,    0.000000000000000E+000,   -0.318303657487306E+002,   -0.316805759370255E+002
    0.232500000000000E+001,    0.928121789680009E+003,    0.314060894840005E+000,    0.209373929893336E+000,    0.000000000000000E+000,   -0.886352260197738E+001,   -0.866711091017647E+001,    0.000000000000000E+000,   -0.317433947516328E+002,   -0.315956896265659E+002
    0.233500000000000E+001,    0.930149545544590E+003,    0.315074772772295E+000,    0.210049848514863E+000,    0.000000000000000E+000,   -0.907594133610986E+001,   -0.885051298412198E+001,    0.000000000000000E+000,   -0.316543383360849E+002,   -0.315090088265301E+002
    0.234500000000000E+001,    0.932152062917952E+003,    0.316076031458976E+000,    0.210717354305984E+000,    0.000000000000000E+000,   -0.928836949792681E+001,   -0.903464629743499E+001,    0.000000000000000E+000,   -0.315631880922552E+002,   -0.314205185913606E+002
    0.235500000000000E+001,    0.934129122201499E+003,    0.317064561100749E+000,    0.211376374067166E+000,    0.000000000000000E+000,   -0.949650700666873E+001,   -0.921777570502472E+001,    0.000000000000000E+000,   -0.314699812480908E+002,   -0.313302444629923E+002
    0.236500000000000E+001,    0.936080506588401E+003,    0.318040253294201E+000,    0.212026835529467E+000,    0.000000000000000E+000,   -0.971049242970140E+001,   -0.940033641840250E+001,    0.000000000000000E+000,   -0.313747065651679E+002,   -0.312381883793210E+002
    0.237500000000000E+001,    0.938006002087370E+003,    0.319003001043685E+000,    0.212668667362457E+000,    0.000000000000000E+000,   -0.992244344199708E+001,   -0.958232007774475E+001,    0.000000000000000E+000,   -0.312773429939805E+002,   -0.311443561624434E+002
    0.238500000000000E+001,    0.939905397546127E+003,    0.319952698773064E+000,    0.213301799182042E+000,    0.000000000000000E+000,   -0.101322139887274E+002,   -0.976350041223237E+001,    0.000000000000000E+000,   -0.311779159482337E+002,   -0.310487576527439E+002
    0.239500000000000E+001,    0.941778484674555E+003,    0.320889242337277E+000,    0.213926161558185E+000,    0.000000000000000E+000,   -0.103408140217703E+002,   -0.994410891101572E+001,    0.000000000000000E+000,   -0.310764340858222E+002,   -0.309513968598229E+002
    0.240500000000000E+001,    0.943625058067542E+003,    0.321812529033771E+000,    0.214541686022514E+000,    0.000000000000000E+000,   -0.105488950175658E+002,   -0.101243730998904E+002,    0.000000000000000E+000,   -0.309729095511051E+002,   -0.308522756363875E+002
    0.241500000000000E+001,    0.945444915227507E+003,    0.322722457613754E+000,    0.215148305075836E+000,    0.000000000000000E+000,   -0.107543520824524E+002,   -0.103035847763528E+002,    0.000000000000000E+000,   -0.308673644796098E+002,   -0.307514094471886E+002
    0.242500000000000E+001,    0.947237856586605E+003,    0.323618928293302E+000,    0.215745952195535E+000,    0.000000000000000E+000,   -0.109599439532826E+002,   -0.104822447361008E+002,    0.000000000000000E+000,   -0.307598080607738E+002,   -0.306488006394209E+002
    0.243500000000000E+001,    0.949003685528610E+003,    0.324501842764305E+000,    0.216334561842870E+000,    0.000000000000000E+000,   -0.111623402685869E+002,   -0.106608444571704E+002,    0.000000000000000E+000,   -0.306502379007478E+002,   -0.305444469182275E+002
    0.244500000000000E+001,    0.950742208410481E+003,    0.325371104205241E+000,    0.216914069470160E+000,    0.000000000000000E+000,   -0.113606019183603E+002,   -0.108383912336576E+002,    0.000000000000000E+000,   -0.305387184463925E+002,   -0.304383648307531E+002
    0.245500000000000E+001,    0.952453234583592E+003,    0.326226617291796E+000,    0.217484411527864E+000,    0.000000000000000E+000,   -0.115617613937044E+002,   -0.110154218032055E+002,    0.000000000000000E+000,   -0.304252327565206E+002,   -0.303305567083419E+002
    0.246500000000000E+001,    0.954136576414641E+003,    0.327068288207321E+000,    0.218045525471547E+000,    0.000000000000000E+000,   -0.117587466352798E+002,   -0.111919556603440E+002,    0.000000000000000E+000,   -0.303098044296719E+002,   -0.302210276471337E+002
    0.247500000000000E+001,    0.955792049306228E+003,    0.327896024653114E+000,    0.218597349768743E+000,    0.000000000000000E+000,   -0.119569922613701E+002,   -0.113680168273403E+002,    0.000000000000000E+000,   -0.301924443045157E+002,   -0.301097825223919E+002
    0.248500000000000E+001,    0.957419471717093E+003,    0.328709735858547E+000,    0.219139823905698E+000,    0.000000000000000E+000,   -0.121502306792899E+002,   -0.115436341042785E+002,    0.000000000000000E+000,   -0.300731623521570E+002,   -0.299968259435078E+002
    0.249500000000000E+001,    0.959018665182032E+003,    0.329509332591016E+000,    0.219672888394011E+000,    0.000000000000000E+000,   -0.123419165251654E+002,   -0.117188413542517E+002,    0.000000000000000E+000,   -0.299519970550530E+002,   -0.298821622063929E+002
    0.250500000000000E+001,    0.960589454331457E+003,    0.330294727165729E+000,    0.220196484777152E+000,    0.000000000000000E+000,   -0.125367685837253E+002,   -0.118936778190839E+002,    0.000000000000000E+000,   -0.298289308584499E+002,   -0.297657952429821E+002
    0.251500000000000E+001,    0.962131666910640E+003,    0.331065833455320E+000,    0.220710555636880E+000,    0.000000000000000E+000,   -0.127264721059213E+002,   -0.120681884656153E+002,    0.000000000000000E+000,   -0.297039898653779E+002,   -0.296477285675737E+002
    0.252500000000000E+001,    0.963645133798590E+003,    0.331822566899295E+000,    0.221215044599530E+000,    0.000000000000000E+000,   -0.129171526354655E+002,   -0.122424243652516E+002,    0.000000000000000E+000,   -0.295771846145638E+002,   -0.295279652197150E+002
    0.253500000000000E+001,    0.965129689026608E+003,    0.332564844513304E+000,    0.221709896342203E+000,    0.000000000000000E+000,   -0.131105579884879E+002,   -0.124164431118573E+002,    0.000000000000000E+000,   -0.294484921882777E+002,   -0.294065077033081E+002
    0.254500000000000E+001,    0.966585169796485E+003,    0.333292584898242E+000,    0.222195056598828E+000,    0.000000000000000E+000,   -0.132958835104323E+002,   -0.125903092865128E+002,    0.000000000000000E+000,   -0.293179524412901E+002,   -0.292833579215551E+002
    0.255500000000000E+001,    0.968011416498351E+003,    0.334005708249176E+000,    0.222670472166117E+000,    0.000000000000000E+000,   -0.134814400984168E+002,   -0.127640949844356E+002,    0.000000000000000E+000,   -0.291855968937757E+002,   -0.291585171072748E+002
    0.256500000000000E+001,    0.969408272728185E+003,    0.334704136364092E+000,    0.223136090909395E+000,    0.000000000000000E+000,   -0.136645632804263E+002,   -0.129384755710360E+002,    0.000000000000000E+000,   -0.290514339048805E+002,   -0.290319784261078E+002
    0.257500000000000E+001,    0.970775585304958E+003,    0.335387792652479E+000,    0.223591861768319E+000,    0.000000000000000E+000,   -0.138475525278021E+002,   -0.131129239008217E+002,    0.000000000000000E+000,   -0.289154825086722E+002,   -0.289037432974636E+002
    0.258500000000000E+001,    0.972113204287439E+003,    0.336056602143720E+000,    0.224037734762480E+000,    0.000000000000000E+000,   -0.140303958969777E+002,   -0.132875399306602E+002,    0.000000000000000E+000,   -0.287777407828620E+002,   -0.287738106655758E+002
    0.259500000000000E+001,    0.973420982990634E+003,    0.336710491495317E+000,    0.224473660996878E+000,    0.000000000000000E+000,   -0.142150746120115E+002,   -0.134630545906919E+002,    0.000000000000000E+000,   -0.286382002343211E+002,   -0.286421712980278E+002
    0.260500000000000E+001,    0.974698778001868E+003,    0.337349389000934E+000,    0.224899592667289E+000,    0.000000000000000E+000,   -0.143953365930782E+002,   -0.136389489009849E+002,    0.000000000000000E+000,   -0.284968711122446E+002,   -0.285088233354333E+002
    0.261500000000000E+001,    0.975946449196521E+003,    0.337973224598261E+000,    0.225315483065507E+000,    0.000000000000000E+000,   -0.145769019907225E+002,   -0.138153568102469E+002,    0.000000000000000E+000,   -0.283537802574503E+002,   -0.283737625233604E+002
    0.262500000000000E+001,    0.977163859753386E+003,    0.338581929876693E+000,    0.225721286584462E+000,    0.000000000000000E+000,   -0.147562443858073E+002,   -0.139924244928798E+002,    0.000000000000000E+000,   -0.282089194698484E+002,   -0.282369832475715E+002
    0.263500000000000E+001,    0.978350876169676E+003,    0.339175438084838E+000,    0.226116958723225E+000,    0.000000000000000E+000,   -0.149362768781712E+002,   -0.141703114486475E+002,    0.000000000000000E+000,   -0.280623040729042E+002,   -0.280984784114374E+002
    0.264500000000000E+001,    0.979507368275665E+003,    0.339753684137832E+000,    0.226502456091888E+000,    0.000000000000000E+000,   -0.151161864226854E+002,   -0.143485264596160E+002,    0.000000000000000E+000,   -0.279139301747037E+002,   -0.279582461388954E+002
    0.265500000000000E+001,    0.980633209248960E+003,    0.340316604624480E+000,    0.226877736416320E+000,    0.000000000000000E+000,   -0.152979962849843E+002,   -0.145286120960091E+002,    0.000000000000000E+000,   -0.277637890058110E+002,   -0.278162686041763E+002
    0.266500000000000E+001,    0.981728275628413E+003,    0.340864137814206E+000,    0.227242758542804E+000,    0.000000000000000E+000,   -0.154761592897067E+002,   -0.147100868454149E+002,    0.000000000000000E+000,   -0.276118916015673E+002,   -0.276725337244861E+002
    0.267500000000000E+001,    0.982792447327653E+003,    0.341396223663827E+000,    0.227597482442551E+000,    0.000000000000000E+000,   -0.156572960640960E+002,   -0.148931773798964E+002,    0.000000000000000E+000,   -0.274582431725952E+002,   -0.275270270261309E+002
    0.268500000000000E+001,    0.983825607648263E+003,    0.341912803824132E+000,    0.227941869216088E+000,    0.000000000000000E+000,   -0.158413579449188E+002,   -0.150781312329709E+002,    0.000000000000000E+000,   -0.273028145641178E+002,   -0.273797317493120E+002
    0.269500000000000E+001,    0.984827643292571E+003,    0.342413821646286E+000,    0.228275881097524E+000,    0.000000000000000E+000,   -0.160224276043988E+002,   -0.152645078646110E+002,    0.000000000000000E+000,   -0.271456074887239E+002,   -0.272306351063813E+002
    0.270500000000000E+001,    0.985798444376076E+003,    0.342899222188038E+000,    0.228599481458692E+000,    0.000000000000000E+000,   -0.162075393809898E+002,   -0.154540417368412E+002,    0.000000000000000E+000,   -0.269866223370631E+002,   -0.270797089682991E+002
    0.271500000000000E+001,    0.986737904439499E+003,    0.343368952219750E+000,    0.228912634813166E+000,    0.000000000000000E+000,   -0.163927377430574E+002,   -0.156463277362939E+002,    0.000000000000000E+000,   -0.268258352241143E+002,   -0.269269279131320E+002
    0.272500000000000E+001,    0.987645920460458E+003,    0.343822960230229E+000,    0.229215306820153E+000,    0.000000000000000E+000,   -0.165836355046809E+002,   -0.158417216410261E+002,    0.000000000000000E+000,   -0.266632239720232E+002,   -0.267722637407415E+002
    0.273500000000000E+001,    0.988522392864763E+003,    0.344261196432382E+000,    0.229507464288254E+000,    0.000000000000000E+000,   -0.167763195548049E+002,   -0.160413641946882E+002,    0.000000000000000E+000,   -0.264987553299095E+002,   -0.266156785383080E+002
    0.274500000000000E+001,    0.989367225537339E+003,    0.344683612768670E+000,    0.229789075179113E+000,    0.000000000000000E+000,   -0.169738120500881E+002,   -0.162456948932969E+002,    0.000000000000000E+000,   -0.263323940116484E+002,   -0.264571295999584E+002
    0.275500000000000E+001,    0.990180325832763E+003,    0.345090162916382E+000,    0.230060108610921E+000,    0.000000000000000E+000,   -0.171756577383708E+002,   -0.164544325098771E+002,    0.000000000000000E+000,   -0.261640954326017E+002,   -0.262965757575699E+002
    0.276500000000000E+001,    0.990961604585424E+003,    0.345480802292712E+000,    0.230320534861808E+000,    0.000000000000000E+000,   -0.173806371929743E+002,   -0.166688902375855E+002,    0.000000000000000E+000,   -0.259938367470582E+002,   -0.261339662933988E+002
    0.277500000000000E+001,    0.991710976119303E+003,    0.345855488059651E+000,    0.230570325373101E+000,    0.000000000000000E+000,   -0.176000310685340E+002,   -0.168880870410367E+002,    0.000000000000000E+000,   -0.258215286022076E+002,   -0.259692552805717E+002
    0.278500000000000E+001,    0.992428358257367E+003,    0.346214179128683E+000,    0.230809452752455E+000,    0.000000000000000E+000,   -0.178189927314709E+002,   -0.171142691671354E+002,    0.000000000000000E+000,   -0.256471072507132E+002,   -0.258023826338324E+002
    0.279500000000000E+001,    0.993113672330579E+003,    0.346556836165290E+000,    0.231037890776860E+000,    0.000000000000000E+000,   -0.180552714863468E+002,   -0.173465520482665E+002,    0.000000000000000E+000,   -0.254705032191232E+002,   -0.256332893755114E+002
    0.280500000000000E+001,    0.993766843186530E+003,    0.346883421593265E+000,    0.231255614395510E+000,    0.000000000000000E+000,   -0.183000534369808E+002,   -0.175873829137603E+002,    0.000000000000000E+000,   -0.252915901325919E+002,   -0.254619021573921E+002
    0.281500000000000E+001,    0.994387799197674E+003,    0.347193899598837E+000,    0.231462599732558E+000,    0.000000000000000E+000,   -0.185595926981080E+002,   -0.178360164801221E+002,    0.000000000000000E+000,   -0.251102663153601E+002,   -0.252881459631893E+002
    0.282500000000000E+001,    0.994976472269186E+003,    0.347488236134593E+000,    0.231658824089729E+000,    0.000000000000000E+000,   -0.188333600934247E+002,   -0.180951582051577E+002,    0.000000000000000E+000,   -0.249263947080891E+002,   -0.251119307929892E+002
    0.283500000000000E+001,    0.995532797846432E+003,    0.347766398923216E+000,    0.231844265948811E+000,    0.000000000000000E+000,   -0.191334294946141E+002,   -0.183646986404593E+002,    0.000000000000000E+000,   -0.247397932527206E+002,   -0.249331590045104E+002
    0.284500000000000E+001,    0.996056714922042E+003,    0.348028357461021E+000,    0.232018904974014E+000,    0.000000000000000E+000,   -0.194521141689136E+002,   -0.186463836818948E+002,    0.000000000000000E+000,   -0.245502570194589E+002,   -0.247517229188462E+002
    0.285500000000000E+001,    0.996548166042605E+003,    0.348274083021303E+000,    0.232182722014202E+000,    0.000000000000000E+000,   -0.198062584931897E+002,   -0.189421723674033E+002,    0.000000000000000E+000,   -0.243575404230535E+002,   -0.245674976976137E+002
    0.286500000000000E+001,    0.997007097314967E+003,    0.348503548657484E+000,    0.232335699104989E+000,    0.000000000000000E+000,   -0.201920421183672E+002,   -0.192533734645835E+002,    0.000000000000000E+000,   -0.241613442370502E+002,   -0.243803440949381E+002
    0.287500000000000E+001,    0.997433458412143E+003,    0.348716729206072E+000,    0.232477819470714E+000,    0.000000000000000E+000,   -0.206248571549197E+002,   -0.195820147090458E+002,    0.000000000000000E+000,   -0.239613128319673E+002,   -0.241901070635723E+002
    0.288500000000000E+001,    0.997827202578834E+003,    0.348913601289417E+000,    0.232609067526278E+000,    0.000000000000000E+000,   -0.211164126479170E+002,   -0.199304723543257E+002,    0.000000000000000E+000,   -0.237569776789792E+002,   -0.239966112696469E+002
    0.289500000000000E+001,    0.998188286636554E+003,    0.349094143318277E+000,    0.232729428878851E+000,    0.000000000000000E+000,   -0.216769924349379E+002,   -0.203015595580132E+002,    0.000000000000000E+000,   -0.235477727566185E+002,   -0.237996576078410E+002
    0.290500000000000E+001,    0.998516670988368E+003,    0.349258335494184E+000,    0.232838890329456E+000,    0.000000000000000E+000,   -0.223281940534121E+002,   -0.206986462767243E+002,    0.000000000000000E+000,   -0.233330031578559E+002,   -0.235990188327580E+002
    0.291500000000000E+001,    0.998812319623231E+003,    0.349406159811615E+000,    0.232937439874410E+000,    0.000000000000000E+000,   -0.231077485009599E+002,   -0.211268304825878E+002,    0.000000000000000E+000,   -0.231117217989233E+002,   -0.233944296427312E+002
    0.292500000000000E+001,    0.999075200119938E+003,    0.349537600059969E+000,    0.233025066706646E+000,    0.000000000000000E+000,   -0.240501822860044E+002,   -0.215892012359770E+002,    0.000000000000000E+000,   -0.228827056243067E+002,   -0.231855870655980E+002
    0.293500000000000E+001,    0.999305283650682E+003,    0.349652641825341E+000,    0.233101761216894E+000,    0.000000000000000E+000,   -0.252282812855520E+002,   -0.220931359062055E+002,    0.000000000000000E+000,   -0.226442930607447E+002,   -0.229721436322756E+002
    0.294500000000000E+001,    0.999502544984208E+003,    0.349751272492104E+000,    0.233167514994736E+000,    0.000000000000000E+000,   -0.267620446098745E+002,   -0.226480665356948E+002,    0.000000000000000E+000,   -0.223941087756691E+002,   -0.227536787155892E+002
    0.295500000000000E+001,    0.999666962488591E+003,    0.349833481244295E+000,    0.233222320829530E+000,    0.000000000000000E+000,   -0.288476685286204E+002,   -0.232643947762998E+002,    0.000000000000000E+000,   -0.221286305178653E+002,   -0.225296857554342E+002
    0.296500000000000E+001,    0.999798518133597E+003,    0.349899259066798E+000,    0.233266172711199E+000,    0.000000000000000E+000,   -0.318872468119728E+002,   -0.239575655824615E+002,    0.000000000000000E+000,   -0.218423436919608E+002,   -0.222995535509300E+002
    0.297500000000000E+001,    0.999897197492667E+003,    0.349948598746334E+000,    0.233299065830889E+000,    0.000000000000000E+000,   -0.367967715366745E+002,   -0.247560159807631E+002,    0.000000000000000E+000,   -0.215256678356349E+002,   -0.220625048585851E+002
    0.298500000000000E+001,    0.999962989744498E+003,    0.349981494872249E+000,    0.233320996581499E+000,    0.000000000000000E+000,   -0.460959604816705E+002,   -0.257044726606797E+002,    0.000000000000000E+000,   -0.211599104030845E+002,   -0.218174899109724E+002
    0.299500000000000E+001,    0.999995887674228E+003,    0.349997943837114E+000,    0.233331962558076E+000,    0.000000000000000E+000,   -0.691516078115147E+002,   -0.268915154168508E+002,    0.000000000000000E+000,   -0.207012082631470E+002,   -0.215630076290019E+002
    0.300000000000000E+001,    0.100000000000000E+004,    0.350000000000000E+000,    0.233333333333333E+000,    0.000000000000000E+000,   -0.162413285943281E+003,   -0.287651634246532E+002,    0.000000000000000E+000,   -0.201129812929648E+002,   -0.213676071815496E+002
